序号,图片链接,保存路径,关键词
1,https://sns-webpic-qc.xhscdn.com/202511161422/4448e76b816837d97303df0bc94d7426/1040g00831089ekl26e005p1krdm3b82mv95ob90!nc_n_webp_mw_1,output/images\xhs_氛围感图片_1.jpg,氛围感图片
2,https://sns-webpic-qc.xhscdn.com/202511161422/afeb20f206355d7a9f5973bcd427b704/spectrum/1040g34o31202nfehhm005n5al18klgk6snh5ndg!nc_n_webp_mw_1,output/images\xhs_氛围感图片_2.jpg,氛围感图片
3,https://sns-webpic-qc.xhscdn.com/202511161422/f9536e0e75b0c76a39aaabc6a454ca90/1040g00831bnd515eh06g5ppj3337dm830durul0!nc_n_webp_mw_1,output/images\xhs_氛围感图片_3.jpg,氛围感图片
4,https://sns-webpic-qc.xhscdn.com/202511161422/4f24259b949895724e37639748168c23/1040g2sg31hhuh8dujs005ntjbsagbm31ovr938g!nc_n_webp_mw_1,output/images\xhs_氛围感图片_4.jpg,氛围感图片
5,https://sns-webpic-qc.xhscdn.com/202511161422/7881fb7c825daf11a1aac5dc61c1dfa8/notes_pre_post/1040g3k831l4gieb3iok05ptueghjid6d06t0v8g!nc_n_webp_mw_1,output/images\xhs_氛围感图片_5.jpg,氛围感图片
6,https://sns-webpic-qc.xhscdn.com/202511161422/b91f2972fa106be597b18219c419bf30/spectrum/1040g34o31h031slb3a705pl3k08nc55s67et938!nc_n_webp_mw_1,output/images\xhs_氛围感图片_6.jpg,氛围感图片
7,https://sns-webpic-qc.xhscdn.com/202511161422/5426c511d6785c8a6e7b5734a592416b/1040g00830toacrqs4u004aagf0s65icni7812e0!nc_n_webp_mw_1,output/images\xhs_氛围感图片_7.jpg,氛围感图片
8,https://sns-webpic-qc.xhscdn.com/202511161422/e3a3890076fa9efbe5d0095a10c87edc/notes_pre_post/1040g3k831m9lhghn58704bj2nirfurlfdjtgs58!nc_n_webp_mw_1,output/images\xhs_氛围感图片_8.jpg,氛围感图片
9,https://sns-webpic-qc.xhscdn.com/202511161422/2c22f3a88a9028ab65a8c467241da913/spectrum/1040g0k031f9ufgos6q005pna2og7e04b8tbt1i0!nc_n_webp_mw_1,output/images\xhs_氛围感图片_9.jpg,氛围感图片
10,https://sns-webpic-qc.xhscdn.com/202511161422/a46ab77d42546d3819349eae06c26b1f/notes_pre_post/1040g3k031nb56f4r6g505nq2gs1089t1oene608!nc_n_webp_mw_1,output/images\xhs_氛围感图片_10.jpg,氛围感图片
11,https://sns-webpic-qc.xhscdn.com/202511161422/a6b11f475f6b26ba168e9186d18ba022/1040g00830vogrt0mm0004bkv61ieqtukdejf8lg!nc_n_webp_mw_1,output/images\xhs_氛围感图片_11.jpg,氛围感图片
12,https://sns-webpic-qc.xhscdn.com/202511161422/31ee2b1ad99f4ee4d36f286e84d36a15/1040g2sg30ujhvk5cle005o2n3m7gbgev2f55pn0!nc_n_webp_mw_1,output/images\xhs_氛围感图片_12.jpg,氛围感图片
13,https://sns-webpic-qc.xhscdn.com/202511161422/d6f9150cf0fd36910a99c42a5f5550d5/1040g2sg3154pncnf0o005nmvh0bgbp0kfh4bmuo!nc_n_webp_mw_1,output/images\xhs_氛围感图片_13.jpg,氛围感图片
14,https://sns-webpic-qc.xhscdn.com/202511161422/ed6ea50af3387d1dfb255bc6dd535f03/1040g00831d0duf4rgm004a17fahoq442kanual0!nc_n_webp_mw_1,output/images\xhs_氛围感图片_14.jpg,氛围感图片
15,https://sns-webpic-qc.xhscdn.com/202511161422/3f311ca97f40a548f0d4d73b07705a59/1040g00831hta12e9ju6g5prnf3nm3iurqj7ds9o!nc_n_webp_mw_1,output/images\xhs_氛围感图片_15.jpg,氛围感图片
16,https://sns-webpic-qc.xhscdn.com/202511161422/938fdbf1416542a7fcd006223bc21bd7/abd9d8c7-4e9b-31c6-9dde-bb73502ba772!nc_n_webp_mw_1,output/images\xhs_氛围感图片_16.jpg,氛围感图片
17,https://sns-webpic-qc.xhscdn.com/202511161422/e7fba8a39c8e0f28d874ee82aa82f0d3/1040g00830ujda18354005p8u1thp2oqvbauum28!nc_n_webp_mw_1,output/images\xhs_氛围感图片_17.jpg,氛围感图片
18,https://sns-webpic-qc.xhscdn.com/202511161422/2b6406af1069a02279a18bcb435af8bf/1040g008316h3iieu1c2g5o4r6s8g8i2ljhhk458!nc_n_webp_mw_1,output/images\xhs_氛围感图片_18.jpg,氛围感图片
19,https://sns-webpic-qc.xhscdn.com/202511161422/ab119c16ecf80651d2b5b69bd6d807ea/1040g00831am188mkn26g40np4q6lf61vch36i48!nc_n_webp_mw_1,output/images\xhs_氛围感图片_19.jpg,氛围感图片
20,https://sns-webpic-qc.xhscdn.com/202511161422/a9fd7926ed9b49807c821c19022a042b/spectrum/1040g0k03194rnusp4i005p35t0tk51c05ukk880!nc_n_webp_mw_1,output/images\xhs_氛围感图片_20.jpg,氛围感图片
21,https://sns-webpic-qc.xhscdn.com/202511161422/b136be7ce677f9fe83fa8c58708c567b/1040g2sg31bn8jh5ggm7049ohcfgudblq7fm92o8!nc_n_webp_mw_1,output/images\xhs_氛围感图片_21.jpg,氛围感图片
22,https://sns-webpic-qc.xhscdn.com/202511161422/fe0b82141209a7e6c82685c82fa07aca/1040g008317md7fkdjq0g5o7pgn70ao2lev729m0!nc_n_webp_mw_1,output/images\xhs_氛围感图片_22.jpg,氛围感图片
23,https://sns-webpic-qc.xhscdn.com/202511161422/df63ea8629b4f06527fc8a279f4d0713/notes_pre_post/1040g3k031mopqf8l4q6g5nv1unh0boii6aqtiv8!nc_n_webp_mw_1,output/images\xhs_氛围感图片_23.jpg,氛围感图片
24,https://sns-webpic-qc.xhscdn.com/202511161422/7dd529759b4256acb2b456e9363d6e7e/1040g008310s80ht6ma505nummi1g8kijq95p36o!nc_n_webp_mw_1,output/images\xhs_氛围感图片_24.jpg,氛围感图片
25,https://sns-webpic-qc.xhscdn.com/202511161422/f2f1f0e61206cfede22f11554971d98f/spectrum/1040g0k0314a4ka2mls005n0rc8h1u2dqchd3kio!nc_n_webp_mw_1,output/images\xhs_氛围感图片_25.jpg,氛围感图片
26,https://sns-webpic-qc.xhscdn.com/202511161422/f3dccbf2d928212ce5f2a023a5a8a0cc/1040g008316bfnd6l1c004a0jfan26fsd573irug!nc_n_webp_mw_1,output/images\xhs_氛围感图片_26.jpg,氛围感图片
27,https://sns-webpic-qc.xhscdn.com/202511161422/847fb743277abaad5602b3fa162af80f/1040g2sg319hkdmu0nc005nj2aq6g8q9j7p8kpf8!nc_n_webp_mw_1,output/images\xhs_氛围感图片_27.jpg,氛围感图片
28,https://sns-webpic-qc.xhscdn.com/202511161422/701b058f223c017346739abf8dd653fd/1040g2sg30uj24fgllg6g5o1pr0p08d9jj9fr3fg!nc_n_webp_mw_1,output/images\xhs_氛围感图片_28.jpg,氛围感图片
29,https://sns-webpic-qc.xhscdn.com/202511161422/54a221e3e072d09834e6b0df8ad07935/1040g00830u10h1rs4o005ngfs1vg84qfiefgmmg!nc_n_webp_mw_1,output/images\xhs_氛围感图片_29.jpg,氛围感图片
30,https://sns-webpic-qc.xhscdn.com/202511161422/3ed2129c9cb94091ac3d7045f6705f1f/notes_pre_post/1040g3k831hhet8tdjsdg5poelec7casvaap6gno!nc_n_webp_mw_1,output/images\xhs_氛围感图片_30.jpg,氛围感图片
31,https://sns-webpic-qc.xhscdn.com/202511161422/5b8abb424801817bddd5de3a40728289/1040g2sg3176v8udgk68g5nhftof095c04kokibg!nc_n_webp_mw_1,output/images\xhs_氛围感图片_31.jpg,氛围感图片
32,https://sns-webpic-qc.xhscdn.com/202511161422/7f8ed1210081a2e8c6a3c8e422ba26ed/1040g2sg319ph296a7c705p2kjdhk4qj4fmafid8!nc_n_webp_mw_1,output/images\xhs_氛围感图片_32.jpg,氛围感图片
33,https://sns-webpic-qc.xhscdn.com/202511161422/ffac5566e403d1ea43a1d93b7c1e04b1/notes_pre_post/1040g3k031hph77u63i6g5ptueghjid6dn59283o!nc_n_webp_mw_1,output/images\xhs_氛围感图片_33.jpg,氛围感图片
34,https://sns-webpic-qc.xhscdn.com/202511161422/bd3b9729dbee96071c5760adf63102df/1040g00831elarjn35g605ndbsfag8d2tk64j3fg!nc_n_webp_mw_1,output/images\xhs_氛围感图片_34.jpg,氛围感图片
35,https://sns-webpic-qc.xhscdn.com/202511161422/1611f5ebf36e5099fb2c0c21588a48a9/notes_pre_post/1040g3k831jl4d3gmj0a05nmr946g8smpfch0ctg!nc_n_webp_mw_1,output/images\xhs_氛围感图片_35.jpg,氛围感图片
36,https://sns-webpic-qc.xhscdn.com/202511161422/9f21a82c6655fc3ff11f35e2df3d1f54/1040g2sg314ku0oidme1g5nkatapg9edqik6teg8!nc_n_webp_mw_1,output/images\xhs_氛围感图片_36.jpg,氛围感图片
37,https://sns-webpic-qc.xhscdn.com/202511161422/286a23b185d0be20b82f00dcef0bcff7/1040g2sg31n4g8mc95mcg5n31jppnbr1v1e431n0!nc_n_webp_mw_1,output/images\xhs_氛围感图片_37.jpg,氛围感图片
38,https://sns-webpic-qc.xhscdn.com/202511161422/5ff4275aea3745bf2d9aba666d4ed8ce/1040g008313hcekpgj8004a2uuqagvsh6s6c3s6g!nc_n_webp_mw_1,output/images\xhs_氛围感图片_38.jpg,氛围感图片
39,https://sns-webpic-qc.xhscdn.com/202511161422/4dae8d1d198b252d8a56a6eb2837278b/1040g008318l39mkck6005pgjgclhomi8trng6io!nc_n_webp_mw_1,output/images\xhs_氛围感图片_39.jpg,氛围感图片
40,https://sns-webpic-qc.xhscdn.com/202511161422/134eb7c8e4bfac8445631675db5f6fb4/1040g008316fhsmqh0u5g5nk0co909ete9fgnqg8!nc_n_webp_mw_1,output/images\xhs_氛围感图片_40.jpg,氛围感图片
41,https://sns-webpic-qc.xhscdn.com/202511161422/42c16d9f5e3f23335878f0c53f3bc67b/1040g2sg318ad758fk6dg5n1cop81brbcicdcuno!nc_n_webp_mw_1,output/images\xhs_氛围感图片_41.jpg,氛围感图片
42,https://sns-webpic-qc.xhscdn.com/202511161422/9e06717ee6f2ede806156272fb5c12b8/spectrum/1040g0k031m09h70f4u205p2361maae97e0ao4vo!nc_n_webp_mw_1,output/images\xhs_氛围感图片_42.jpg,氛围感图片
43,https://sns-webpic-qc.xhscdn.com/202511161422/8130768c437ca89f9cdb413ac049f000/1040g2sg313pamrafic705piohh1hov14a2ih1t8!nc_n_webp_mw_1,output/images\xhs_氛围感图片_43.jpg,氛围感图片
44,https://sns-webpic-qc.xhscdn.com/202511161422/436f602b85249b631f98704f8125ded7/1040g2sg317jbebprju705oml9dqgvmn91gikck8!nc_n_webp_mw_1,output/images\xhs_氛围感图片_44.jpg,氛围感图片
45,https://sns-webpic-qc.xhscdn.com/202511161422/106141cf5813ed9b0b394b9571cba9e2/1040g2sg31e59p3sch0bg5nmr946g8smpg64gpk8!nc_n_webp_mw_1,output/images\xhs_氛围感图片_45.jpg,氛围感图片
46,https://sns-webpic-qc.xhscdn.com/202511161422/194a43aef8bbf25caffe2cd316567e27/1040g2sg31g1pibn4ne605p4g4dbjoi0srpn18q0!nc_n_webp_mw_1,output/images\xhs_氛围感图片_46.jpg,氛围感图片
47,https://sns-webpic-qc.xhscdn.com/202511161422/1e817aa3faa05b6adfd09a88f739ecfa/1040g2sg31ngcf014lmjg435jj7h2135evijptm8!nc_n_webp_mw_1,output/images\xhs_氛围感图片_47.jpg,氛围感图片
48,https://sns-webpic-qc.xhscdn.com/202511161422/78ea3dae4836afda89d27d44c1515e13/1040g2sg31hpfhbud3oe05pbdfloo5tgbks2c92g!nc_n_webp_mw_1,output/images\xhs_氛围感图片_48.jpg,氛围感图片
49,https://sns-webpic-qc.xhscdn.com/202511161422/0c28248ff9a3730162896b8230403ff9/1040g2sg317eqjckhka7041576hmsob5bsubsglo!nc_n_webp_mw_1,output/images\xhs_氛围感图片_49.jpg,氛围感图片
50,https://sns-webpic-qc.xhscdn.com/202511161422/1d99a8b6bd375228e4385f045c8d4b57/1040g0083185qrl1nk4005nst2e908tja9jsi440!nc_n_webp_mw_1,output/images\xhs_氛围感图片_50.jpg,氛围感图片
51,https://sns-webpic-qc.xhscdn.com/202511161422/c412abe0bdc992a080549d211a5e2adc/1040g2sg31hki7u583uf044jh1k6udt8ce27qppg!nc_n_webp_mw_1,output/images\xhs_氛围感图片_51.jpg,氛围感图片
52,https://sns-webpic-qc.xhscdn.com/202511161422/9c277fa499247020e3ab4272031eb52d/1040g2sg319nqmbpv7ga05nmklkl080ran5a0iao!nc_n_webp_mw_1,output/images\xhs_氛围感图片_52.jpg,氛围感图片
53,https://sns-webpic-qc.xhscdn.com/202511161422/e379c372e311d6ee80150f1827a64d3b/1040g008318ba7dmijq005nmr946g8smp6ig437g!nc_n_webp_mw_1,output/images\xhs_氛围感图片_53.jpg,氛围感图片
54,https://sns-webpic-qc.xhscdn.com/202511161422/2aacde0a99590d709eb1c3734aba0f0a/1040g00831i6nkop67a4g4a0jfan26fsdpv51adg!nc_n_webp_mw_1,output/images\xhs_氛围感图片_54.jpg,氛围感图片
55,https://sns-webpic-qc.xhscdn.com/202511161422/f116c4b32ca8a88ad3b6d6513573086a/notes_pre_post/1040g3k831kh6ft4gio905o937lt0bmo7ciqjckg!nc_n_webp_mw_1,output/images\xhs_氛围感图片_55.jpg,氛围感图片
56,https://sns-webpic-qc.xhscdn.com/202511161422/a5fa8ea67f3d53e6149ce72604770280/1040g2sg31bo4f5550k705ou19nl9t3proum4an8!nc_n_webp_mw_1,output/images\xhs_氛围感图片_56.jpg,氛围感图片
57,https://sns-webpic-qc.xhscdn.com/202511161422/2366b4401699622ab0e49ec64d9d4fa4/1040g2sg31a3p5m3una704a0jfan26fsdhu1nt00!nc_n_webp_mw_1,output/images\xhs_氛围感图片_57.jpg,氛围感图片
58,https://sns-webpic-qc.xhscdn.com/202511161422/b10c2dbbde7a9aadd17ba6515ad70ac0/1040g2sg313dgb7nsg2c05npd8pj08k14on6du3g!nc_n_webp_mw_1,output/images\xhs_氛围感图片_58.jpg,氛围感图片
59,https://sns-webpic-qc.xhscdn.com/202511161422/435244ac1b3d5e7a6a469143337bc08a/1040g2sg31bti11uc10dg5pqhm0a3317f5qi649o!nc_n_webp_mw_1,output/images\xhs_氛围感图片_59.jpg,氛围感图片
60,https://sns-webpic-qc.xhscdn.com/202511161422/6278daa34c5e3708ece71d09b41cbfe5/spectrum/1040g0k031mhaci1kks005nqpj76g8048t1gota8!nc_n_webp_mw_1,output/images\xhs_氛围感图片_60.jpg,氛围感图片
61,https://sns-webpic-qc.xhscdn.com/202511161422/8b80d8962d249249669ecddc1922a345/notes_pre_post/1040g3k031ji80nmu30a05onv4td4hnevu9mplcg!nc_n_webp_mw_1,output/images\xhs_氛围感图片_61.jpg,氛围感图片
62,https://sns-webpic-qc.xhscdn.com/202511161422/a753107a228cc0ddce1e85ab963b35de/1040g2sg3196sevei56705o8fjkh858sun8muq8g!nc_n_webp_mw_1,output/images\xhs_氛围感图片_62.jpg,氛围感图片
63,https://sns-webpic-qc.xhscdn.com/202511161422/651f17c2928a5b9addd86186d6bc2cae/1040g2sg31nkf5ptkliog5n6dddp4gausb2fo7p0!nc_n_webp_mw_1,output/images\xhs_氛围感图片_63.jpg,氛围感图片
64,https://sns-webpic-qc.xhscdn.com/202511161422/c930a476874ee971e5df27759aa78292/1040g2sg31gceuannjadg4b2n2j1eapv1gmp74ko!nc_n_webp_mw_1,output/images\xhs_氛围感图片_64.jpg,氛围感图片
65,https://sns-webpic-qc.xhscdn.com/202511161422/41ab87c83d6e0900d1dde0dad61b3fb0/notes_pre_post/1040g3k031emcqc6c5e504aos4ltinjqlknvm7no!nc_n_webp_mw_1,output/images\xhs_氛围感图片_65.jpg,氛围感图片
66,https://sns-webpic-qc.xhscdn.com/202511161422/dc84c4c6ebfb0d8bb42b36fd89a01018/1040g2sg31k5au06148kg5pf33k119pa33qgg280!nc_n_webp_mw_1,output/images\xhs_氛围感图片_66.jpg,氛围感图片
67,https://sns-webpic-qc.xhscdn.com/202511161422/cf5b003597e3256f847bb63d9462d420/1040g2sg316h5d0890kd05pjk4k9jcg6hth9n0go!nc_n_webp_mw_1,output/images\xhs_氛围感图片_67.jpg,氛围感图片
68,https://sns-webpic-qc.xhscdn.com/202511161422/fdd3d66fd5d58b8cc27f4989ec8df0ba/1040g2sg310ofgeh8mc005njrvf7091k13cbotio!nc_n_webp_mw_1,output/images\xhs_氛围感图片_68.jpg,氛围感图片
69,https://sns-webpic-qc.xhscdn.com/202511161422/5b037e28f8ab57686ab4ddde570a1a0d/1040g2sg31bitj6iu0u9g5oufcoepi2pq2mfl540!nc_n_webp_mw_1,output/images\xhs_氛围感图片_69.jpg,氛围感图片
70,https://sns-webpic-qc.xhscdn.com/202511161422/4a8046aa9b09dc6fc293318df09a11bd/1040g2sg31ca6u7le0m705pbdfloo5tgbnlrpr80!nc_n_webp_mw_1,output/images\xhs_氛围感图片_70.jpg,氛围感图片
71,https://sns-webpic-qc.xhscdn.com/202511161422/7329f571a6c53440dda2ef81741aba1e/1040g00831590bcbq0u005ofcis9k1ksgo5frb18!nc_n_webp_mw_1,output/images\xhs_氛围感图片_71.jpg,氛围感图片
72,https://sns-webpic-qc.xhscdn.com/202511161422/03831d331bfb839dc73cd5e2b46d59de/notes_pre_post/1040g3k831h151obr3qdg5onh02onqpmhkafri4g!nc_n_webp_mw_1,output/images\xhs_氛围感图片_72.jpg,氛围感图片
73,https://sns-webpic-qc.xhscdn.com/202511161423/c34be4e33bb02f31c4700b6a7ec56ccb/notes_pre_post/1040g3k831ntdumgh5mdg5paa1pegi73uhfdsmh0!nc_n_webp_mw_1,output/images\xhs_氛围感图片_73.jpg,氛围感图片
74,https://sns-webpic-qc.xhscdn.com/202511161423/112f2d4d273013e4540effad7ab01213/1040g2sg31erjco5c60hg40p1itppkf40m7pnnt0!nc_n_webp_mw_1,output/images\xhs_氛围感图片_74.jpg,氛围感图片
75,https://sns-webpic-qc.xhscdn.com/202511161423/aefa8c69b628156d32c7672cf7e4fc3d/notes_pre_post/1040g3k031ibg37ug0e005o740u485v9i5lego0o!nc_n_webp_mw_1,output/images\xhs_氛围感图片_75.jpg,氛围感图片
76,https://sns-webpic-qc.xhscdn.com/202511161423/6072f7a76c66084834c34b7801495f78/1040g00831an113p07e005nhp0r808ia54qh24l0!nc_n_webp_mw_1,output/images\xhs_氛围感图片_76.jpg,氛围感图片
77,https://sns-webpic-qc.xhscdn.com/202511161423/7dc30e07e5a520878fac254a6863ed13/1040g00831a5vtndo7a005pdrgrqjkilm6n8odm0!nc_n_webp_mw_1,output/images\xhs_氛围感图片_77.jpg,氛围感图片
78,https://sns-webpic-qc.xhscdn.com/202511161423/ae538ef0c45dbdedfd0f27776a49efb4/1040g008318rqtosmk60040qdsfql75k0lf0nang!nc_n_webp_mw_1,output/images\xhs_氛围感图片_78.jpg,氛围感图片
79,https://sns-webpic-qc.xhscdn.com/202511161422/bb591ff50585e7f300d4e85e2f444783/1040g0083173d9s0u0m5g5pggqg33cjcd1f6sik8!nc_n_webp_mw_1,output/images\xhs_氛围感图片_79.jpg,氛围感图片
80,https://sns-webpic-qc.xhscdn.com/202511161423/acc6b204dcac0c11cc7a4c6e9c675125/1040g00831jq478dd326g5pbdfloo5tgbj1r0g40!nc_n_webp_mw_1,output/images\xhs_氛围感图片_80.jpg,氛围感图片
81,https://sns-webpic-qc.xhscdn.com/202511161423/91d67c11c171d06a95eb825ff90c5d5f/1040g2sg31acttccb7a705obg5560j7nbhfprmbo!nc_n_webp_mw_1,output/images\xhs_氛围感图片_81.jpg,氛围感图片
82,https://sns-webpic-qc.xhscdn.com/202511161423/ea9deab7f1fddebf31612382cc99f6e4/spectrum/1040g0k031nf7har34u0g5p2krda51pj9ksad78g!nc_n_webp_mw_1,output/images\xhs_氛围感图片_82.jpg,氛围感图片
83,https://sns-webpic-qc.xhscdn.com/202511161423/f85f3e20e0efaf535e5360f463ed4bf6/1040g00831egs9ru5gc6g5o8ctoc08au8eqi9v68!nc_n_webp_mw_1,output/images\xhs_氛围感图片_83.jpg,氛围感图片
84,https://sns-webpic-qc.xhscdn.com/202511161423/977c4616c18bcfc04e5af25161bf2e14/1040g2sg31bb2d6gvg26g5o0c0fs088n3ojg7ej0!nc_n_webp_mw_1,output/images\xhs_氛围感图片_84.jpg,氛围感图片
85,https://sns-webpic-qc.xhscdn.com/202511161423/1634e85552d56480a3488b22d299ffd1/1040g008318mjanhakc0042i4a34kghhda59d4ro!nc_n_webp_mw_1,output/images\xhs_氛围感图片_85.jpg,氛围感图片
86,https://sns-webpic-qc.xhscdn.com/202511161423/9db8cb16e08c4d350af32af5b8544dca/spectrum/1040g34o31gbfduiv388g44jh1k6udt8crbmh39o!nc_n_webp_mw_1,output/images\xhs_氛围感图片_86.jpg,氛围感图片
87,https://sns-webpic-qc.xhscdn.com/202511161423/57d4936adb102599d49fc1148930cef4/notes_pre_post/1040g3k831k6v52d62oe05pk7spbjuvpbfof2o98!nc_n_webp_mw_1,output/images\xhs_氛围感图片_87.jpg,氛围感图片
88,https://sns-webpic-qc.xhscdn.com/202511161423/f05aeaa952ba2b610bec23c289743dc1/1040g00831c535fhc10005p25ud0jomhbqihs378!nc_n_webp_mw_1,output/images\xhs_氛围感图片_88.jpg,氛围感图片
89,https://sns-webpic-qc.xhscdn.com/202511161423/6c4819857b3285d107f26d5264dc3843/1040g2sg31ft63fhk0gdg5oj9uf441p3d2cfh5no!nc_n_webp_mw_1,output/images\xhs_氛围感图片_89.jpg,氛围感图片
90,https://sns-webpic-qc.xhscdn.com/202511161423/1e847e49a2a96b32e1122cfc0bf9c080/1040g00831b2l5rsina5g5pmt2l9jclmf3d00l50!nc_n_webp_mw_1,output/images\xhs_氛围感图片_90.jpg,氛围感图片
91,https://sns-webpic-qc.xhscdn.com/202511161423/912ade3f82c6893615bb425642b6c268/1040g2sg31k6popomk8kg5pf33k119pa3q00qa48!nc_n_webp_mw_1,output/images\xhs_氛围感图片_91.jpg,氛围感图片
92,https://sns-webpic-qc.xhscdn.com/202511161423/cac3bfb0c116cfc614ea51f5f05f6b28/1040g008316p8u2p4k65g5p2t3p7nu8khs7iknvg!nc_n_webp_mw_1,output/images\xhs_氛围感图片_92.jpg,氛围感图片
93,https://sns-webpic-qc.xhscdn.com/202511161423/52d6374b36032df5e9ceb1d1828a1099/notes_pre_post/1040g3k031jti4ph62u005pqdj9n7dnvas5llcko!nc_n_webp_mw_1,output/images\xhs_氛围感图片_93.jpg,氛围感图片
94,https://sns-webpic-qc.xhscdn.com/202511161423/a3cb0d45fcb45027157f8b99a90b8c9a/spectrum/1040g34o31b262k1fnid05o055cn098svannrg40!nc_n_webp_mw_1,output/images\xhs_氛围感图片_94.jpg,氛围感图片
95,https://sns-webpic-qc.xhscdn.com/202511161423/2ce7be9f705b9d4401794a239cac4f56/1040g2sg3166emsh4io704a7j2nv4a1uosfla1tg!nc_n_webp_mw_1,output/images\xhs_氛围感图片_95.jpg,氛围感图片
96,https://sns-webpic-qc.xhscdn.com/202511161423/2dde078ee3261de4ea176ffc9d714ffa/spectrum/1040g0k031g0hoaqr0c705noo501082idbmhi9jo!nc_n_webp_mw_1,output/images\xhs_氛围感图片_96.jpg,氛围感图片
97,https://sns-webpic-qc.xhscdn.com/202511161423/875845191d60f826ced2b8d26c624233/1040g00831aqn8egt7e005ntmcah08fhcv4q2rio!nc_n_webp_mw_1,output/images\xhs_氛围感图片_97.jpg,氛围感图片
98,https://sns-webpic-qc.xhscdn.com/202511161423/66fa8155edd608e28c4492e0f4ccd7eb/1040g00831g266bb0g61g4a2ump1c23ijmgr4bko!nc_n_webp_mw_1,output/images\xhs_氛围感图片_98.jpg,氛围感图片
99,https://sns-webpic-qc.xhscdn.com/202511161423/2460ff24d1f93bc13576b0e0d12b268c/1040g2sg31a3jrkrp7gd048d1jbndvhc1rdt9mt0!nc_n_webp_mw_1,output/images\xhs_氛围感图片_99.jpg,氛围感图片
100,https://sns-webpic-qc.xhscdn.com/202511161423/ea9c85bed641fcfae63f9d8e07922116/1040g2sg31a7m8pof7a905nj4htl096paf17np40!nc_n_webp_mw_1,output/images\xhs_氛围感图片_100.jpg,氛围感图片
101,https://sns-webpic-qc.xhscdn.com/202511161423/9d3bdf282b55ecefa30baf4149b5f8b6/notes_pre_post/1040g3k831m8lumnu4q9g5n2b3guk4f0jd4eb94o!nc_n_webp_mw_1,output/images\xhs_氛围感图片_101.jpg,氛围感图片
102,https://sns-webpic-qc.xhscdn.com/202511161423/5d028d8569f0894177a67bb9426a62ad/notes_pre_post/1040g3k031gf240r8jq505oktvfc6t277h7p80s0!nc_n_webp_mw_1,output/images\xhs_氛围感图片_102.jpg,氛围感图片
103,https://sns-webpic-qc.xhscdn.com/202511161423/8752b9aa99ca02bfb2ed4b32ce71670d/1040g2sg3192ak4lul6dg5p8sjq6p2ilnn6pkb40!nc_n_webp_mw_1,output/images\xhs_氛围感图片_103.jpg,氛围感图片
104,https://sns-webpic-qc.xhscdn.com/202511161423/d13589c15ccd7ab0e0d52aba5ba964ea/1040g2sg31bkkome30k705nfki4v09cue57hn3u0!nc_n_webp_mw_1,output/images\xhs_氛围感图片_104.jpg,氛围感图片
105,https://sns-webpic-qc.xhscdn.com/202511161423/8362aab404a19fa30572d46150ae19f5/1040g00831ahu9c9f7e6g5nkjvua09et35p0ici0!nc_n_webp_mw_1,output/images\xhs_氛围感图片_105.jpg,氛围感图片
106,https://sns-webpic-qc.xhscdn.com/202511161423/3e0739dc025e178727bb9d123c906664/1040g2sg31n4mv2r9l0hg5osgdfjosrutpc6o5f0!nc_n_webp_mw_1,output/images\xhs_氛围感图片_106.jpg,氛围感图片
107,https://sns-webpic-qc.xhscdn.com/202511161423/bfa61a7e5779305dc0b13a589f975681/1040g00831c6pr2kbgm005nhimof0919rmc4vja0!nc_n_webp_mw_1,output/images\xhs_氛围感图片_107.jpg,氛围感图片
108,https://sns-webpic-qc.xhscdn.com/202511161423/e03e936157ad8cea890477a7a8b3d904/notes_pre_post/1040g3k031eiqo3970k0g5p4tjtv43j8urc8rgqg!nc_n_webp_mw_1,output/images\xhs_氛围感图片_108.jpg,氛围感图片
109,https://sns-webpic-qc.xhscdn.com/202511161423/53cac2df1172d40da7165d082920feb5/1040g00831a383om0726g5otnbur9uq4a8d6tjh8!nc_n_webp_mw_1,output/images\xhs_氛围感图片_109.jpg,氛围感图片
110,https://sns-webpic-qc.xhscdn.com/202511161423/6179dad04843c0642dba00c9a60e0301/notes_pre_post/1040g3k831oj1orec527g5n5tm3h438q6nfavn80!nc_n_webp_mw_1,output/images\xhs_氛围感图片_110.jpg,氛围感图片
111,https://sns-webpic-qc.xhscdn.com/202511161423/ff0656304d141da4d964222a045c8d0b/1040g00831i8meapu7a005obvj0g0jq9l5jtpc88!nc_n_webp_mw_1,output/images\xhs_氛围感图片_111.jpg,氛围感图片
112,https://sns-webpic-qc.xhscdn.com/202511161423/e22235554efe211581f161db57c9ad8f/notes_pre_post/1040g3k031o1ei0ij066g5om234hlbi34m98qha0!nc_n_webp_mw_1,output/images\xhs_氛围感图片_112.jpg,氛围感图片
113,https://sns-webpic-qc.xhscdn.com/202511161423/2c69bf22bbee5b1108ddffa82dcbc3b2/1040g2sg31bjeai71gkdg5paa1pegi73ul51u9ng!nc_n_webp_mw_1,output/images\xhs_氛围感图片_113.jpg,氛围感图片
114,https://sns-webpic-qc.xhscdn.com/202511161423/54750fb6e316f1c98adad490655c3766/1040g2sg31bgvbvoj16c05pf33k119pa3l50fo0g!nc_n_webp_mw_1,output/images\xhs_氛围感图片_114.jpg,氛围感图片
115,https://sns-webpic-qc.xhscdn.com/202511161423/6cd3d8b95cbd4f856b457d1b1161b948/1040g2sg31fjltpmggc705p7v5lf18a49be8v1q0!nc_n_webp_mw_1,output/images\xhs_氛围感图片_115.jpg,氛围感图片
116,https://sns-webpic-qc.xhscdn.com/202511161423/5407e1c67cde73e977e19fba5b39a529/1040g2sg31o7gk6lvkskg5osgdfjosrut09rfko0!nc_n_webp_mw_1,output/images\xhs_氛围感图片_116.jpg,氛围感图片
117,https://sns-webpic-qc.xhscdn.com/202511161423/31f2d010ed8c4201e6dddbc907a69167/1040g00831bt84i640m6g5o6thh0g85cr3bs06g8!nc_n_webp_mw_1,output/images\xhs_氛围感图片_117.jpg,氛围感图片
118,https://sns-webpic-qc.xhscdn.com/202511161423/5cb22897c1e80c71cacf9a39eec66b23/1040g00831fa3qjcrma6g4befmc1io1n08a8sclg!nc_n_webp_mw_1,output/images\xhs_氛围感图片_118.jpg,氛围感图片
119,https://sns-webpic-qc.xhscdn.com/202511161423/2a476b0972cd3749adc9b3c0304599dd/1040g008316vivdmmju004bi6dhbp76tnnjh5o30!nc_n_webp_mw_1,output/images\xhs_氛围感图片_119.jpg,氛围感图片
120,https://sns-webpic-qc.xhscdn.com/202511161423/70b82b7f6a5269493ca270db6e4035b7/1040g2sg314n4lp8v74105p3rb8s3oie0qh87n0o!nc_n_webp_mw_1,output/images\xhs_氛围感图片_120.jpg,氛围感图片
121,https://sns-webpic-qc.xhscdn.com/202511161423/0324d149f64d9e492056b24e6db6c49d/1040g00831bpcjss4g81g5por809nefv2mj246fo!nc_n_webp_mw_1,output/images\xhs_氛围感图片_121.jpg,氛围感图片
122,https://sns-webpic-qc.xhscdn.com/202511161423/b3e337b42000a74c710aa25c6069f1f2/1040g2sg31g2bi2vo020g5panfaqi5i6gl9u9tm0!nc_n_webp_mw_1,output/images\xhs_氛围感图片_122.jpg,氛围感图片
123,https://sns-webpic-qc.xhscdn.com/202511161423/51080dcf53988f6f98c205fb88dbb20e/1040g00831o1i2bdkmg0g5ngpghu093e3c4qut40!nc_n_webp_mw_1,output/images\xhs_氛围感图片_123.jpg,氛围感图片
124,https://sns-webpic-qc.xhscdn.com/202511161423/e59857ab747112053f8637bca1b1aa51/notes_pre_post/1040g3k831hshgat7j4904aat242g34pmsskcoro!nc_n_webp_mw_1,output/images\xhs_氛围感图片_124.jpg,氛围感图片
125,https://sns-webpic-qc.xhscdn.com/202511161423/353322d83309fc53228a3649566ea61f/1040g008315ej7e5pgq1g5oi2mtek1063mk47278!nc_n_webp_mw_1,output/images\xhs_氛围感图片_125.jpg,氛围感图片
126,https://sns-webpic-qc.xhscdn.com/202511161424/0e023e8b7152c6b1f7cda20d6c996060/1040g2sg3192a6sgpku005pgjgclhomi8hggvd0g!nc_n_webp_mw_1,output/images\xhs_氛围感图片_126.jpg,氛围感图片
127,https://sns-webpic-qc.xhscdn.com/202511161423/613a367f7f11c27e30b17a6ef48bd64a/1040g00831jm3o4bi2u105p8vql68skd5eh1jv28!nc_n_webp_mw_1,output/images\xhs_氛围感图片_127.jpg,氛围感图片
128,https://sns-webpic-qc.xhscdn.com/202511161424/eaef837a34c19e3fc9aeaa98d0c7e03e/notes_pre_post/1040g3k831lsjqs295ib04bckt5frsn6h3ia3uc0!nc_n_webp_mw_1,output/images\xhs_氛围感图片_128.jpg,氛围感图片
129,https://sns-webpic-qc.xhscdn.com/202511161423/856f890302fd54c077298b4e5eac59d5/notes_pre_post/1040g3k031c3igqad0m6g4bo37u36kr1edo6gogo!nc_n_webp_mw_1,output/images\xhs_氛围感图片_129.jpg,氛围感图片
130,https://sns-webpic-qc.xhscdn.com/202511161423/5b234cabc4d141ec8ef27d12a276d1f8/1040g00831e5rpi4ugmdg4a5u25epqillntaq22g!nc_n_webp_mw_1,output/images\xhs_氛围感图片_130.jpg,氛围感图片
131,https://sns-webpic-qc.xhscdn.com/202511161423/69177c59930c735e8f6ac98cce606e74/notes_pre_post/1040g3k031ou2qidphg6g5ng0q4dg8l3d00qdafg!nc_n_webp_mw_1,output/images\xhs_氛围感图片_131.jpg,氛围感图片
132,https://sns-webpic-qc.xhscdn.com/202511161424/74fe70fb5359b07c5a70858eef5f95b3/notes_pre_post/1040g3k831o7h1g0p06c05n72l55m4mtuhf3osug!nc_n_webp_mw_1,output/images\xhs_氛围感图片_132.jpg,氛围感图片
133,https://sns-webpic-qc.xhscdn.com/202511161423/474e47c8ecbe908164ddf5010410d95e/notes_pre_post/1040g3k031jvvubgc343g5pferujh9m7gr4o3fjo!nc_n_webp_mw_1,output/images\xhs_氛围感图片_133.jpg,氛围感图片
134,https://sns-webpic-qc.xhscdn.com/202511161423/eacb72989f42f72c4044594c9dad91c2/1040g00831c7fusqcgk6g4bo37u36kr1ekt6fc90!nc_n_webp_mw_1,output/images\xhs_氛围感图片_134.jpg,氛围感图片
135,https://sns-webpic-qc.xhscdn.com/202511161424/2f7da1fa94e52443f1fb617bdfa0ffda/1040g00831bq0frp70m6g5odv8cqk0u7l6ocbnhg!nc_n_webp_mw_1,output/images\xhs_氛围感图片_135.jpg,氛围感图片
136,https://sns-webpic-qc.xhscdn.com/202511161424/942623e63ee533b879c87ae90e8a62d7/1040g2sg3166r1roe0q5g5oirspo8c247mopdcfg!nc_n_webp_mw_1,output/images\xhs_氛围感图片_136.jpg,氛围感图片
137,https://sns-webpic-qc.xhscdn.com/202511161424/02b1d0065a181b3220f4ffd18fd68d42/1040g2sg319gcheni727049ohcfgudblqiloals8!nc_n_webp_mw_1,output/images\xhs_氛围感图片_137.jpg,氛围感图片
138,https://sns-webpic-qc.xhscdn.com/202511161424/77ae218ff3f0f5e76fccc0dccef6f40e/notes_pre_post/1040g3k831d6ifbmdge405pdchqm4tst6702npfo!nc_n_webp_mw_1,output/images\xhs_氛围感图片_138.jpg,氛围感图片
139,https://sns-webpic-qc.xhscdn.com/202511161424/104bf656209303c0db25d574139c4397/notes_pre_post/1040g3k031joals0uiu405pd4q3412usm9kr2elo!nc_n_webp_mw_1,output/images\xhs_氛围感图片_139.jpg,氛围感图片
140,https://sns-webpic-qc.xhscdn.com/202511161424/2b177c9bd67c5c1bde2ff0bd876fd3a8/notes_pre_post/1040g3k031gcn6fep3o3g5nqm68l08c59nb3pgpo!nc_n_webp_mw_1,output/images\xhs_氛围感图片_140.jpg,氛围感图片
141,https://sns-webpic-qc.xhscdn.com/202511161424/7d20fa9710b15c49282a5abcc28c1ab8/1040g2sg31ae3l6qgn2005nvrs68g8ib9dr8vlcg!nc_n_webp_mw_1,output/images\xhs_氛围感图片_141.jpg,氛围感图片
142,https://sns-webpic-qc.xhscdn.com/202511161424/c5f3f2ad338cfbc326f695c3ad838296/spectrum/1040g0k031jf7ieko2g004a1cetlqtiv0vm5tsto!nc_n_webp_mw_1,output/images\xhs_氛围感图片_142.jpg,氛围感图片
143,https://sns-webpic-qc.xhscdn.com/202511161424/5116e587c66d04531e874435f789f707/notes_pre_post/1040g3k031iqod426hg3g5p61rm0l73iqa840pp0!nc_n_webp_mw_1,output/images\xhs_氛围感图片_143.jpg,氛围感图片
144,https://sns-webpic-qc.xhscdn.com/202511161424/2846a26bdfdb56e148c2a4e27be51ba2/notes_pre_post/1040g3k031jdpf758j6004b2n2j1eapv10e4urso!nc_n_webp_mw_1,output/images\xhs_氛围感图片_144.jpg,氛围感图片
145,https://sns-webpic-qc.xhscdn.com/202511161424/6d55dbcb3a283dded5c6ecbe54a5a73c/1040g00831ahu8s8kni005p1njnekmo1jrpveok8!nc_n_webp_mw_1,output/images\xhs_氛围感图片_145.jpg,氛围感图片
146,https://sns-webpic-qc.xhscdn.com/202511161424/0cdb075e6e84768d61c3daf570a63761/spectrum/1040g34o319105pv3ki0g5nvilm4095g4q53i2l0!nc_n_webp_mw_1,output/images\xhs_氛围感图片_146.jpg,氛围感图片
147,https://sns-webpic-qc.xhscdn.com/202511161424/e2ceade5567a51f5af388b0a248cd5e3/1040g00831a6vga297e505n32jjnkh4k8k9sci4o!nc_n_webp_mw_1,output/images\xhs_氛围感图片_147.jpg,氛围感图片
148,https://sns-webpic-qc.xhscdn.com/202511161424/ae89d578c05e96fa07355514bdb02990/1040g00831ae6p2jhne405ndfva6g8ifg6aera5o!nc_n_webp_mw_1,output/images\xhs_氛围感图片_148.jpg,氛围感图片
149,https://sns-webpic-qc.xhscdn.com/202511161424/aec323e6b1d383a3d93825b74dac0927/spectrum/1040g0k031igaqhop7s405nqcp4jgbqghl2sqqs8!nc_n_webp_mw_1,output/images\xhs_氛围感图片_149.jpg,氛围感图片
150,https://sns-webpic-qc.xhscdn.com/202511161424/1ca4a4a98ee5c509605c03a2271114b5/1040g2sg30u3m867klad05p3pvv79er962e7412o!nc_n_webp_mw_1,output/images\xhs_氛围感图片_150.jpg,氛围感图片
151,https://sns-webpic-qc.xhscdn.com/202511161425/8da7302b525453f68210a088abdb2658/spectrum/1040g0k031k2nheo1480g48gt3hakkk325l7vk5o!nc_n_webp_mw_1,output/images\xhs_氛围感图片_151.jpg,氛围感图片
152,https://sns-webpic-qc.xhscdn.com/202511161424/2b9b367c88db8870c2c6fc0c76d3bb16/1040g2sg31alr0mkm6u705oj43u140nbno61e808!nc_n_webp_mw_1,output/images\xhs_氛围感图片_152.jpg,氛围感图片
153,https://sns-webpic-qc.xhscdn.com/202511161425/88a9f4f81403bc92f8152e73f8b10f34/1040g0083129r7hqf1k6g5n5phpq45skv53g1dm8!nc_n_webp_mw_1,output/images\xhs_氛围感图片_153.jpg,氛围感图片
154,https://sns-webpic-qc.xhscdn.com/202511161425/c1cfc59b5f9525e50d0dcd6528f2242a/1040g00831bqhi6acgu005nsruo908ajms98hvqg!nc_n_webp_mw_1,output/images\xhs_氛围感图片_154.jpg,氛围感图片
155,https://sns-webpic-qc.xhscdn.com/202511161425/71be63ff5e311b1d02b0131d554e0bfb/1040g008312ul5fth5u6g48rcc4f1iqa7hpae2b8!nc_n_webp_mw_1,output/images\xhs_氛围感图片_155.jpg,氛围感图片
156,https://sns-webpic-qc.xhscdn.com/202511161425/cab57eb54e00f1eb8aa6f39eef899258/1040g2sg310slp5ks6m005nmvh0bgbp0k7k97v98!nc_n_webp_mw_1,output/images\xhs_氛围感图片_156.jpg,氛围感图片
157,https://sns-webpic-qc.xhscdn.com/202511161425/b08a376a98334af9387766be334e32d3/notes_pre_post/1040g3k831itogrvgguag48sh6jnks1rumi4up9o!nc_n_webp_mw_1,output/images\xhs_氛围感图片_157.jpg,氛围感图片
158,https://sns-webpic-qc.xhscdn.com/202511161425/6aa81c5ee845ffcd3f854fc8ada10ddc/1040g0083126tlhlmko605o76r7kg8c87e3hpddg!nc_n_webp_mw_1,output/images\xhs_氛围感图片_158.jpg,氛围感图片
159,https://sns-webpic-qc.xhscdn.com/202511161425/590a026fbf6365b29b709e53b5dd9189/1040g00831bpna8gc0m0042i4a34kghhdtvkqneo!nc_n_webp_mw_1,output/images\xhs_氛围感图片_159.jpg,氛围感图片
160,https://sns-webpic-qc.xhscdn.com/202511161425/a7f11fdb5aad4292b35c39badcf2f667/spectrum/1040g34o31n4u09kjku405ohpnvpod0dna7kc3to!nc_n_webp_mw_1,output/images\xhs_氛围感图片_160.jpg,氛围感图片
161,https://sns-webpic-qc.xhscdn.com/202511161425/f2fc02036b9e48cb00addbab27cf44ec/spectrum/1040g0k0314v4rgprgq005nsedfqg8mei0a9tbqo!nc_n_webp_mw_1,output/images\xhs_氛围感图片_161.jpg,氛围感图片
162,https://sns-webpic-qc.xhscdn.com/202511161425/883a540f3a4f96e94f78e4e718701e5d/1040g00831b6bkj1a7g005nqe0gsgbhjdrhj8nc8!nc_n_webp_mw_1,output/images\xhs_氛围感图片_162.jpg,氛围感图片
163,https://sns-webpic-qc.xhscdn.com/202511161425/e3d8280fcb69ebd6020f5ab6885e2c34/1040g2sg31b02jidkng705p0c9mjjq18tpqtcp3g!nc_n_webp_mw_1,output/images\xhs_氛围感图片_163.jpg,氛围感图片
164,https://sns-webpic-qc.xhscdn.com/202511161425/d2166c086646af170dc94cc11be06053/1040g008312jsb97cng605pee0fd13q713u1n17g!nc_n_webp_mw_1,output/images\xhs_氛围感图片_164.jpg,氛围感图片
165,https://sns-webpic-qc.xhscdn.com/202511161425/4f5d320d1146f407013a7d19ae5ba911/1040g2sg30ur6pp0cl4005pbdfloo5tgbulearj0!nc_n_webp_mw_1,output/images\xhs_氛围感图片_165.jpg,氛围感图片
166,https://sns-webpic-qc.xhscdn.com/202511161425/ac7cee17db03a7c5b365980de5cd522c/1040g00831ahehj857g6g5nt423ig8rvli4koab8!nc_n_webp_mw_1,output/images\xhs_氛围感图片_166.jpg,氛围感图片
167,https://sns-webpic-qc.xhscdn.com/202511161425/5c0b6813f8c0f62cf7574897308323b5/notes_pre_post/1040g3k831obh66qc6g705ojb35k8cevv1ah8to8!nc_n_webp_mw_1,output/images\xhs_氛围感图片_167.jpg,氛围感图片
168,https://sns-webpic-qc.xhscdn.com/202511161425/fac33e3e07cd3e66d8251f9a36f32a6a/1040g2sg312mdngn81o5g5opgdnbosk5598jufpo!nc_n_webp_mw_1,output/images\xhs_氛围感图片_168.jpg,氛围感图片
169,https://sns-webpic-qc.xhscdn.com/202511161425/27cc90e39a6e223f3b2a5379c8ad9ce5/1040g2sg30th0jl744i0g4atn1fj6i89hcv6b5fo!nc_n_webp_mw_1,output/images\xhs_氛围感图片_169.jpg,氛围感图片
170,https://sns-webpic-qc.xhscdn.com/202511161425/1f150886e92725b5c2f195c5b94c0481/1040g2sg31020hq6g62005nekq9ng9575qhov8s0!nc_n_webp_mw_1,output/images\xhs_氛围感图片_170.jpg,氛围感图片
171,https://sns-webpic-qc.xhscdn.com/202511161425/8ae7133242613e9e697ca9a2cc622292/1040g00831b2o5nsdne004am9kqg1rd3bb53gb68!nc_n_webp_mw_1,output/images\xhs_氛围感图片_171.jpg,氛围感图片
172,https://sns-webpic-qc.xhscdn.com/202511161425/0b5a3170847b32d22d190d4980022fd9/1040g2sg31fjob8i67idg5nmn8igg8svll5bofj0!nc_n_webp_mw_1,output/images\xhs_氛围感图片_172.jpg,氛围感图片
173,https://sns-webpic-qc.xhscdn.com/202511161425/5aa7b6b18a02124f5430f5b1cd52272a/1040g008311sl9lp5n40042v0q4p35oodt6g0nd8!nc_n_webp_mw_1,output/images\xhs_氛围感图片_173.jpg,氛围感图片
174,https://sns-webpic-qc.xhscdn.com/202511161425/be76d71ff1ebc4319786ca4fd2b0ffb2/1040g2sg31jednnq4iojg5olo8vf6db7psedpj7o!nc_n_webp_mw_1,output/images\xhs_氛围感图片_174.jpg,氛围感图片
175,https://sns-webpic-qc.xhscdn.com/202511161425/ab466e977a2fa86367bcce6dd1aec9d9/1040g00831b2pr9gf7c4g5n8ipulkh57vnc2mq0g!nc_n_webp_mw_1,output/images\xhs_氛围感图片_175.jpg,氛围感图片
176,https://sns-webpic-qc.xhscdn.com/202511161425/46549d3f5815e6cb91a8d0558f19850f/1040g2sg31o8vck214sf05nnp4ee08djfjaq1h90!nc_n_webp_mw_1,output/images\xhs_氛围感图片_176.jpg,氛围感图片
177,https://sns-webpic-qc.xhscdn.com/202511161425/0e1e2a388a15b0e37f5fad82a0211159/1040g2sg315q08odi0u005nhg0tu08r3f0m3hut8!nc_n_webp_mw_1,output/images\xhs_氛围感图片_177.jpg,氛围感图片
178,https://sns-webpic-qc.xhscdn.com/202511161425/3e3df79cade6aa36061618f571cffa43/1040g008312212qllhk5g5oa5ghqgjhip161epqo!nc_n_webp_mw_1,output/images\xhs_氛围感图片_178.jpg,氛围感图片
179,https://sns-webpic-qc.xhscdn.com/202511161425/c9fbcfbac892f117ec93762d77b59ec5/spectrum/1040g34o31mre4prbl0jg5pl3k08nc55s37p9t0g!nc_n_webp_mw_1,output/images\xhs_氛围感图片_179.jpg,氛围感图片
180,https://sns-webpic-qc.xhscdn.com/202511161425/17ba24f3c14deb8c9da36a7fbd286af5/1040g2sg31n0etmnel8n05ntfgfh0bova2a5kp48!nc_n_webp_mw_1,output/images\xhs_氛围感图片_180.jpg,氛围感图片
181,https://sns-webpic-qc.xhscdn.com/202511161425/43b2ab1d9c81ec4c6257d5771db62575/notes_pre_post/1040g3k031ke6of5e32305nu0u79g9bn9ug6o62g!nc_n_webp_mw_1,output/images\xhs_氛围感图片_181.jpg,氛围感图片
182,https://sns-webpic-qc.xhscdn.com/202511161425/bdb184123559ccc029a14633b8feb09f/1040g2sg3110s1otfmo6g5ol0q0m8cd3up3gir68!nc_n_webp_mw_1,output/images\xhs_氛围感图片_182.jpg,氛围感图片
183,https://sns-webpic-qc.xhscdn.com/202511161425/fc39378d03ca7e27645f689fe1a198b9/notes_pre_post/1040g3k031j6psd8uio005obct3k0jc6vpoc0uug!nc_n_webp_mw_1,output/images\xhs_氛围感图片_183.jpg,氛围感图片
184,https://sns-webpic-qc.xhscdn.com/202511161425/fd6644771fedb819bb8daabf35a00028/1040g00830oq7ot3e346g5oln3d36t4iu594sg4g!nc_n_webp_mw_1,output/images\xhs_氛围感图片_184.jpg,氛围感图片
185,https://sns-webpic-qc.xhscdn.com/202511161425/93cd3c764ba7e4e241f0ea8fa24195c7/1040g00831abk54tp7a6g5poe3l77c6k0est2kr8!nc_n_webp_mw_1,output/images\xhs_氛围感图片_185.jpg,氛围感图片
186,https://sns-webpic-qc.xhscdn.com/202511161425/ac609dccfbdda92ff62c77fc37326aa7/1040g2sg316pon9fk3m705n8bc3sk5i69ki569a8!nc_n_webp_mw_1,output/images\xhs_氛围感图片_186.jpg,氛围感图片
187,https://sns-webpic-qc.xhscdn.com/202511161425/bbf3768086098eea759dcfdc5f6a57f9/1040g2sg31e7t51c910705n7gkgim4uoeh7e5vvo!nc_n_webp_mw_1,output/images\xhs_氛围感图片_187.jpg,氛围感图片
188,https://sns-webpic-qc.xhscdn.com/202511161425/0b573d593b2fa28b1b84323e1da3f97f/notes_pre_post/1040g3k031hgljc0h3o6g40kmhdq7uopcboasqb0!nc_n_webp_mw_1,output/images\xhs_氛围感图片_188.jpg,氛围感图片
189,https://sns-webpic-qc.xhscdn.com/202511161425/d63c8cf960a320b449751376c08b7e72/spectrum/1040g34o3119tk6t7mk004a78n00ulfuea5jqs68!nc_n_webp_mw_1,output/images\xhs_氛围感图片_189.jpg,氛围感图片
190,https://sns-webpic-qc.xhscdn.com/202511161425/2d3f2f4ea62383281b2786cae9696627/1040g008311qdfdub0o6g5paa1pegi73umnt8nro!nc_n_webp_mw_1,output/images\xhs_氛围感图片_190.jpg,氛围感图片
191,https://sns-webpic-qc.xhscdn.com/202511161425/a1efb03fc753af0b3dfa11e4a2fb7586/1040g0083187ctd0a3q00401e319ejpuimn5ag4g!nc_n_webp_mw_1,output/images\xhs_氛围感图片_191.jpg,氛围感图片
192,https://sns-webpic-qc.xhscdn.com/202511161425/94741b1db393e1aa358929bf8e3f3cee/1040g2sg31g8ijp41hkdg5pp8mhtg8b30l8iusu8!nc_n_webp_mw_1,output/images\xhs_氛围感图片_192.jpg,氛围感图片
193,https://sns-webpic-qc.xhscdn.com/202511161425/a3c6fac2e4933a2389f6819cc536c2aa/1040g00831b7rbdi17a004ach5spao1u83t0hdo8!nc_n_webp_mw_1,output/images\xhs_氛围感图片_193.jpg,氛围感图片
194,https://sns-webpic-qc.xhscdn.com/202511161425/c9f4f400c436119709926c3de0c4f94a/1040g2sg31kvfkq3rj0e04a0jfan26fsdo2qfb80!nc_n_webp_mw_1,output/images\xhs_氛围感图片_194.jpg,氛围感图片
195,https://sns-webpic-qc.xhscdn.com/202511161425/41ec8d0e01aa2d7ef5c3c284231a1521/1040g008312p4esb9hk005p3ln7sn54v5nb6eg0g!nc_n_webp_mw_1,output/images\xhs_氛围感图片_195.jpg,氛围感图片
196,https://sns-webpic-qc.xhscdn.com/202511161425/a95d60164a45a202d16c7ee438c84ae4/1040g2sg31311htcs3u704a1ms9ar4sreuo07l6o!nc_n_webp_mw_1,output/images\xhs_氛围感图片_196.jpg,氛围感图片
197,https://sns-webpic-qc.xhscdn.com/202511161425/3832d2db1e6563808c651eb5f410cf48/spectrum/1040g0k031ebq296i162g5od3jum8c03disb392g!nc_n_webp_mw_1,output/images\xhs_氛围感图片_197.jpg,氛围感图片
198,https://sns-webpic-qc.xhscdn.com/202511161425/04605c9218e98941368e168d8e5d7453/1040g2sg30uqrd94clg4g5os9ne97rcokpapg1k0!nc_n_webp_mw_1,output/images\xhs_氛围感图片_198.jpg,氛围感图片
199,https://sns-webpic-qc.xhscdn.com/202511161425/5a97e811cd73761999e7f949b569b706/1040g2sg31040qvja66004a5fbnl40p2r6ikb0mg!nc_n_webp_mw_1,output/images\xhs_氛围感图片_199.jpg,氛围感图片
200,https://sns-webpic-qc.xhscdn.com/202511161425/c54f26d82f0cfcbea4d964f0a9ac1ddc/1040g0083190veoop4u005p90t1vosnpc2da7fc8!nc_n_webp_mw_1,output/images\xhs_氛围感图片_200.jpg,氛围感图片
